0x20e0,SINGLE ACTION ARMY,SINGLE ACTION ARMY
0x20f3,PATRIOT,PATRIOT
0x20fb,EZ GUN,EZ GUN
0x2102,KAMERA,KAMERA
0x2109,AFFENMASKE,AFFENMASKE
0x2114,STEALTH,STEALTH
0x211c,GRvN,GRvN
0x2121,BRAUN,BRAUN
0x2127,UNENDLICHKEIT,UNENDLICHKEIT
0x2135,SMOKING,SMOKING
0x213d,BANANE,BANANE
0x2144,DPM-TARN,DPM-TARN
0x214d,AUSCAM DESERT,AUSCAM DESERT
0x215b,WvSTENTIGER,WvSTENTIGER
0x2167,FLECKTARN,FLECKTARN
0x2171,FAHNEN GESICHTSBEMALUNG,FAHNEN GESICHTSBEMALUNG
0x2189,"Sie haben eine Single-Action Army.|
","Sie haben eine Single-Action Army.|
"
0x21ae,"Sie haben eine Patriot.|
","Sie haben eine Patriot.|
"
0x21c8,"Sie haben ein EZ GUN. |
","Sie haben ein EZ GUN. |
"
0x21e1,"Sie haben eine Kamera.|
","Sie haben eine Kamera.|
"
0x21fa,"Sie haben eine Affenmaske.|
Sie können sie in MGS3 benutzen.","Sie haben eine Affenmaske.|
Sie können sie in MGS3 benutzen."
0x2238,"Sie haben Stealth-Tarnung.|
","Sie haben Stealth-Tarnung.|
"
0x2255,"Sie haben grüne Bemalung.|
Sie können sie in MGS3 benutzen.","Sie haben grüne Bemalung.|
Sie können sie in MGS3 benutzen."
0x2293,"Sie haben braune Bemalung.|
","Sie haben braune Bemalung.|
"
0x22b0,"Sie haben Unendlichkeitsbemalung.|
","Sie haben Unendlichkeitsbemalung.|
"
0x22d4,"Sie haben einen Smoking.|
","Sie haben einen Smoking.|
"
0x22ef,"Sie haben eine Tarnuniform mit Bananen-|
muster. Sie können sie in MGS3 benutzen.","Sie haben eine Tarnuniform mit Bananen-|
muster. Sie können sie in MGS3 benutzen."
0x2342,"Sie haben Tarnung mit DPM-Muster.|
Sie können sie in MGS3 benutzen.","Sie haben Tarnung mit DPM-Muster.|
Sie können sie in MGS3 benutzen."
0x2387,"Sie haben Tarnung mit AUSCAM|
Desert-Muster.","Sie haben Tarnung mit AUSCAM|
Desert-Muster."
0x23b4,"Sie haben Tarnuniform mit|
Wüstentiger-Muster.","Sie haben Tarnuniform mit|
Wüstentiger-Muster."
0x23e4,"Sie haben eine Tarnuniform mit|
Flecktarn-Muster.","Sie haben eine Tarnuniform mit|
Flecktarn-Muster."
0x2416,"Sie haben Nationalfahnen|
Gesichtsbemalung bekommen.","Sie haben Nationalfahnen|
Gesichtsbemalung bekommen."
0xffffffff,,
0xffffffff,,
0xffffffff,,
0xffffffff,,
0xffffffff,,
0xffffffff,,
0xffffffff,,
0xffffffff,,
0xffffffff,,
0xffffffff,,
0xffffffff,,
0xffffffff,,
0xffffffff,,
0xffffffff,,
0xffffffff,,
0xffffffff,,
0xffffffff,,
0xffffffff,,
0xffffffff,,
0xffffffff,,
0xffffffff,,
0xffffffff,,
0xffffffff,,
0xffffffff,,
0xffffffff,,
0xffffffff,,
0xffffffff,,
0xffffffff,,
0xffffffff,,
0xffffffff,,
0xffffffff,,
0xffffffff,,
0xffffffff,,
0xffffffff,,
0xffffffff,,
0xffffffff,,
0xffffffff,,
0xffffffff,,
0xffffffff,,
0xffffffff,,
0xffffffff,,
0xffffffff,,
0xffffffff,,
0xffffffff,,
0xffffffff,,
0xffffffff,,
0xffffffff,,
0xffffffff,,
0xffffffff,,
0xffffffff,,
0xffffffff,,
0xffffffff,,
0xffffffff,,
0xffffffff,,
0xffffffff,,
0xffffffff,,
0xffffffff,,
0xffffffff,,
0xffffffff,,
0xffffffff,,
0xffffffff,,
0xffffffff,,
0xffffffff,,
0xffffffff,,
0xffffffff,,
0xffffffff,,
0xffffffff,,
0xffffffff,,
0xffffffff,,
0xffffffff,,
0xffffffff,,
0xffffffff,,
0xffffffff,,
0xffffffff,,
0xffffffff,,
0xffffffff,,
0xffffffff,,
0xffffffff,,
0xffffffff,,
0xffffffff,,
0xffffffff,,
0xffffffff,,
0xffffffff,,
0xffffffff,,
0xffffffff,,
0xffffffff,,
0xffffffff,,
0xffffffff,,
0xffffffff,,
0xffffffff,,
0xffffffff,,
0xffffffff,,
0xffffffff,,
0xffffffff,,
0xffffffff,,
0xffffffff,,
0xffffffff,,
0xffffffff,,
0xffffffff,,
0xffffffff,,
0xffffffff,,
0xffffffff,,
0xffffffff,,
0xffffffff,,
0xffffffff,,
0xffffffff,,
0xffffffff,,
0xffffffff,,
0xffffffff,,
0xffffffff,,
0xffffffff,,
0xffffffff,,
0xffffffff,,
0xffffffff,,
0xffffffff,,
0xffffffff,,
0xffffffff,,
0xffffffff,,
0xffffffff,,
0xffffffff,,
0xffffffff,,
0xffffffff,,
0xffffffff,,
0xffffffff,,
0xffffffff,,
0xffffffff,,
0xffffffff,,
0xffffffff,,
0xffffffff,,
0xffffffff,,
0xffffffff,,
0xffffffff,,
0xffffffff,,
0xffffffff,,
0xffffffff,,
0xffffffff,,
0xffffffff,,
0xffffffff,,
0xffffffff,,
0xffffffff,,
0xffffffff,,
0xffffffff,,
0xffffffff,,
0xffffffff,,
0xffffffff,,
0xffffffff,,
0xffffffff,,
0xffffffff,,
0xffffffff,,
0xffffffff,,
0xffffffff,,
0xffffffff,,
0xffffffff,,
0xffffffff,,
0xffffffff,,
0xffffffff,,
0xffffffff,,
0xffffffff,,
0xffffffff,,
0xffffffff,,
0xffffffff,,
0xffffffff,,
0xffffffff,,
0xffffffff,,
0xffffffff,,
0xffffffff,,
0xffffffff,,
0xffffffff,,
0xffffffff,,
0xffffffff,,
0xffffffff,,
0xffffffff,,
0xffffffff,,
0xffffffff,,
0xffffffff,,
0xffffffff,,
0xffffffff,,
0xffffffff,,
0xffffffff,,
0xffffffff,,
0xffffffff,,
0xffffffff,,
0xffffffff,,
0xffffffff,,
0xffffffff,,
0xffffffff,,
0xffffffff,,
0xffffffff,,
0xffffffff,,
0xffffffff,,
0xffffffff,,
0xffffffff,,
0xffffffff,,
0xffffffff,,
0xffffffff,,
0xffffffff,,
0xffffffff,,
0xffffffff,,
0xffffffff,,
0xffffffff,,
0xffffffff,,
0xffffffff,,
0xffffffff,,
0xffffffff,,
0xffffffff,,
0xffffffff,,
0xffffffff,,
0xffffffff,,
0xffffffff,,
0xffffffff,,
0xffffffff,,
0xffffffff,,
0xffffffff,,
0xffffffff,,
0xffffffff,,
0xffffffff,,
0xffffffff,,
0xffffffff,,
0xffffffff,,
0xffffffff,,
0xffffffff,,
0xffffffff,,
0xffffffff,,
0xffffffff,,
0xffffffff,,
0xffffffff,,
0xffffffff,,
0xffffffff,,
0xffffffff,,
0xffffffff,,
0xffffffff,,
0xffffffff,,
0xffffffff,,
0xffffffff,,
0xffffffff,,
0xffffffff,,
0xffffffff,,
0xffffffff,,
0xffffffff,,
0xffffffff,,
0xffffffff,,
0xffffffff,,
0xffffffff,,
0xffffffff,,
0xffffffff,,
0xffffffff,,
0xffffffff,,
0xffffffff,,
0xffffffff,,
0xffffffff,,
0xffffffff,,
0xffffffff,,
0xffffffff,,
0xffffffff,,
0xffffffff,,
0xffffffff,,
0xffffffff,,
0xffffffff,,
0xffffffff,,
0xffffffff,,
0xffffffff,,
0xffffffff,,
0xffffffff,,
0xffffffff,,
0xffffffff,,
0xffffffff,,
0xffffffff,,
0xffffffff,,
0xffffffff,,
0xffffffff,,
0xffffffff,,
0xffffffff,,
0xffffffff,,
0xffffffff,,
0xffffffff,,
0xffffffff,,
0xffffffff,,
0xffffffff,,
0xffffffff,,
0xffffffff,,
0xffffffff,,
0xffffffff,,
0xffffffff,,
0xffffffff,,
0xffffffff,,
0xffffffff,,
0xffffffff,,
0xffffffff,,
0xffffffff,,
0xffffffff,,
0xffffffff,,
0xffffffff,,
0xffffffff,,
0xffffffff,,
0xffffffff,,
0xffffffff,,
0xffffffff,,
0xffffffff,,
0xffffffff,,
0xffffffff,,
0xffffffff,,
0xffffffff,,
0xffffffff,,
0xffffffff,,
0xffffffff,,
0xffffffff,,
0xffffffff,,
0xffffffff,,
0xffffffff,,
0xffffffff,,
0xffffffff,,
0xffffffff,,
0xffffffff,,
0xffffffff,,
0xffffffff,,
0xffffffff,,
0xffffffff,,
0xffffffff,,
0xffffffff,,
0xffffffff,,
0xffffffff,,
0xffffffff,,
0xffffffff,,
0xffffffff,,
0xffffffff,,
0xffffffff,,
0xffffffff,,
0xffffffff,,
0xffffffff,,
0xffffffff,,
0xffffffff,,
0xffffffff,,
0xffffffff,,
0xffffffff,,
0xffffffff,,
0xffffffff,,
0xffffffff,,
0xffffffff,,
0xffffffff,,
0xffffffff,,
0xffffffff,,
0xffffffff,,
0xffffffff,,
0xffffffff,,
0xffffffff,,
0xffffffff,,
0xffffffff,,
0xffffffff,,
0xffffffff,,
0xffffffff,,
0xffffffff,,
0xffffffff,,
0xffffffff,,
0xffffffff,,
0xffffffff,,
0xffffffff,,
0xffffffff,,
0xffffffff,,
0xffffffff,,
0xffffffff,,
0xffffffff,,
0xffffffff,,
0xffffffff,,
0xffffffff,,
0xffffffff,,
0xffffffff,,
0xffffffff,,
0xffffffff,,
0xffffffff,,
0xffffffff,,
0xffffffff,,
0xffffffff,,
0xffffffff,,
0xffffffff,,
0xffffffff,,
0xffffffff,,
0xffffffff,,
0xffffffff,,
0xffffffff,,
0xffffffff,,
0xffffffff,,
0xffffffff,,
0xffffffff,,
0xffffffff,,
0xffffffff,,
0xffffffff,,
0xffffffff,,
0xffffffff,,
0xffffffff,,
0xffffffff,,
0xffffffff,,
0xffffffff,,
0xffffffff,,
0xffffffff,,
0xffffffff,,
0xffffffff,,
0xffffffff,,
0xffffffff,,
0xffffffff,,
0xffffffff,,
0xffffffff,,
0xffffffff,,
0xffffffff,,
0xffffffff,,
0xffffffff,,
0xffffffff,,
0xffffffff,,
0xffffffff,,
0xffffffff,,
0xffffffff,,
0xffffffff,,
0xffffffff,,
0xffffffff,,
0xffffffff,,
0xffffffff,,
0xffffffff,,
0xffffffff,,
0xffffffff,,
0xffffffff,,
0xffffffff,,
0xffffffff,,
0xffffffff,,
0xffffffff,,
0xffffffff,,
0xffffffff,,
0xffffffff,,
0xffffffff,,
0xffffffff,,
0xffffffff,,
0xffffffff,,
0xffffffff,,
0xffffffff,,
0xffffffff,,
0xffffffff,,
0xffffffff,,
0xffffffff,,
0xffffffff,,
0xffffffff,,
0xffffffff,,
0xffffffff,,
0xffffffff,,
0xffffffff,,
0xffffffff,,
0xffffffff,,
0xffffffff,,
0xffffffff,,
0xffffffff,,
0xffffffff,,
0xffffffff,,
0xffffffff,,
0xffffffff,,
0xffffffff,,
0xffffffff,,
0xffffffff,,
0xffffffff,,
0xffffffff,,
0xffffffff,,
0xffffffff,,
0xffffffff,,
0xffffffff,,
0xffffffff,,
0xffffffff,,
0xffffffff,,
0xffffffff,,
0xffffffff,,
0xffffffff,,
0xffffffff,,
0xffffffff,,
0xffffffff,,
0xffffffff,,
0xffffffff,,
0xffffffff,,
0xffffffff,,
0xffffffff,,
0xffffffff,,
0xffffffff,,
0xffffffff,,
0xffffffff,,
0xffffffff,,
0xffffffff,,
0xffffffff,,
0xffffffff,,
0xffffffff,,
0xffffffff,,
0xffffffff,,
0xffffffff,,
0xffffffff,,
0xffffffff,,
0xffffffff,,
0xffffffff,,
0xffffffff,,
0xffffffff,,
0xffffffff,,
0xffffffff,,
0xffffffff,,
0xffffffff,,
0xffffffff,,
0xffffffff,,
0xffffffff,,
0xffffffff,,
0xffffffff,,
0xffffffff,,
0xffffffff,,
0xffffffff,,
0xffffffff,,
0xffffffff,,
0xffffffff,,
0xffffffff,,
0xffffffff,,
0xffffffff,,
0xffffffff,,
0xffffffff,,
0xffffffff,,
0xffffffff,,
0xffffffff,,
0xffffffff,,
0xffffffff,,
0xffffffff,,
0xffffffff,,
0xffffffff,,
0xffffffff,,
0xffffffff,,
0xffffffff,,
0xffffffff,,
0xffffffff,,
0xffffffff,,
0xffffffff,,
0xffffffff,,
0xffffffff,,
0xffffffff,,
0xffffffff,,
0xffffffff,,
0xffffffff,,
0xffffffff,,
0xffffffff,,
0xffffffff,,
0xffffffff,,
0xffffffff,,
0xffffffff,,
0xffffffff,,
0xffffffff,,
0xffffffff,,
0xffffffff,,
0xffffffff,,
0xffffffff,,
0xffffffff,,
0xffffffff,,
0xffffffff,,
0xffffffff,,
0xffffffff,,
0xffffffff,,
0xffffffff,,
0xffffffff,,
0xffffffff,,
0xffffffff,,
0xffffffff,,
0xffffffff,,
0xffffffff,,
0xffffffff,,
0xffffffff,,
0xffffffff,,
0xffffffff,,
0xffffffff,,
0xffffffff,,
0xffffffff,,
0xffffffff,,
0xffffffff,,
0xffffffff,,
0xffffffff,,
0xffffffff,,
0xffffffff,,
0xffffffff,,
0xffffffff,,
0xffffffff,,
0xffffffff,,
0xffffffff,,
0xffffffff,,
0xffffffff,,
0xffffffff,,
0xffffffff,,
0xffffffff,,
0xffffffff,,
0xffffffff,,
0xffffffff,,
0xffffffff,,
0xffffffff,,
0xffffffff,,
0xffffffff,,
0xffffffff,,
0xffffffff,,
0xffffffff,,
0xffffffff,,
0xffffffff,,
0xffffffff,,
0xffffffff,,
0xffffffff,,
0xffffffff,,
0xffffffff,,
0xffffffff,,
0xffffffff,,
0xffffffff,,
0xffffffff,,
0xffffffff,,
0xffffffff,,
0xffffffff,,
0xffffffff,,
0xffffffff,,
0xffffffff,,
0xffffffff,,
0xffffffff,,
0xffffffff,,
0xffffffff,,
0xffffffff,,
0xffffffff,,
0xffffffff,,
0xffffffff,,
0xffffffff,,
0xffffffff,,
0xffffffff,,
0xffffffff,,
0xffffffff,,
0xffffffff,,
0xffffffff,,
0xffffffff,,
0xffffffff,,
0xffffffff,,
0xffffffff,,
0xffffffff,,
0xffffffff,,
0xffffffff,,
0xffffffff,,
0xffffffff,,
0xffffffff,,
0xffffffff,,
0xffffffff,,
0xffffffff,,
0xffffffff,,
0xffffffff,,
0xffffffff,,
0xffffffff,,
0xffffffff,,
0xffffffff,,
0xffffffff,,
0xffffffff,,
0xffffffff,,
0xffffffff,,
0xffffffff,,
0xffffffff,,
0xffffffff,,
0xffffffff,,
0xffffffff,,
0xffffffff,,
0xffffffff,,
0xffffffff,,
0xffffffff,,
0xffffffff,,
0xffffffff,,
0xffffffff,,
0xffffffff,,
0xffffffff,,
0xffffffff,,
0xffffffff,,
0xffffffff,,
0xffffffff,,
0xffffffff,,
0xffffffff,,
0xffffffff,,
0xffffffff,,
0xffffffff,,
0xffffffff,,
0xffffffff,,
0xffffffff,,
0xffffffff,,
0xffffffff,,
0xffffffff,,
0xffffffff,,
0xffffffff,,
0xffffffff,,
0xffffffff,,
0xffffffff,,
0xffffffff,,
0xffffffff,,
0xffffffff,,
0xffffffff,,
0xffffffff,,
0xffffffff,,
0xffffffff,,
0xffffffff,,
0xffffffff,,
0xffffffff,,
0xffffffff,,
0xffffffff,,
0xffffffff,,
0xffffffff,,
0xffffffff,,
0xffffffff,,
0xffffffff,,
0xffffffff,,
0xffffffff,,
0xffffffff,,
0xffffffff,,
0xffffffff,,
0xffffffff,,
0xffffffff,,
0xffffffff,,
0xffffffff,,
0xffffffff,,
0xffffffff,,
0xffffffff,,
0xffffffff,,
0xffffffff,,
0xffffffff,,
0xffffffff,,
0xffffffff,,
0xffffffff,,
0xffffffff,,
0xffffffff,,
0xffffffff,,
0xffffffff,,
0xffffffff,,
0xffffffff,,
0xffffffff,,
0xffffffff,,
0xffffffff,,
0xffffffff,,
0xffffffff,,
0xffffffff,,
0xffffffff,,
0xffffffff,,
0xffffffff,,
0xffffffff,,
0xffffffff,,
0xffffffff,,
0xffffffff,,
0xffffffff,,
0xffffffff,,
0xffffffff,,
0xffffffff,,
0xffffffff,,
0xffffffff,,
0xffffffff,,
0xffffffff,,
0xffffffff,,
0xffffffff,,
0xffffffff,,
0xffffffff,,
0xffffffff,,
0xffffffff,,
0xffffffff,,
0xffffffff,,
0xffffffff,,
0xffffffff,,
0xffffffff,,
0xffffffff,,
0xffffffff,,
0xffffffff,,
0xffffffff,,
0xffffffff,,
0xffffffff,,
0xffffffff,,
0xffffffff,,
0xffffffff,,
0xffffffff,,
0xffffffff,,
0xffffffff,,
0xffffffff,,
0xffffffff,,
0xffffffff,,
0xffffffff,,
0xffffffff,,
0xffffffff,,
0xffffffff,,
0xffffffff,,
0xffffffff,,
0xffffffff,,
0xffffffff,,
0xffffffff,,
0xffffffff,,
0xffffffff,,
0xffffffff,,
0xffffffff,,
0xffffffff,,
0xffffffff,,
0xffffffff,,
0xffffffff,,
0xffffffff,,
0xffffffff,,
0xffffffff,,
0xffffffff,,
0xffffffff,,
0xffffffff,,
0xffffffff,,
0xffffffff,,
0xffffffff,,
0xffffffff,,
0xffffffff,,
0xffffffff,,
0xffffffff,,
0xffffffff,,
0xffffffff,,
0xffffffff,,
0xffffffff,,
0xffffffff,,
0xffffffff,,
0xffffffff,,
0xffffffff,,
0xffffffff,,
0xffffffff,,
0xffffffff,,
0xffffffff,,
0xffffffff,,
0xffffffff,,
0xffffffff,,
0xffffffff,,
0xffffffff,,
0xffffffff,,
0xffffffff,,
0xffffffff,,
0xffffffff,,
0xffffffff,,
0xffffffff,,
0xffffffff,,
0xffffffff,,
0xffffffff,,
0xffffffff,,
0xffffffff,,
0xffffffff,,
0xffffffff,,
0xffffffff,,
0xffffffff,,
0xffffffff,,
0xffffffff,,
0xffffffff,,
0xffffffff,,
0xffffffff,,
0xffffffff,,
0xffffffff,,
0xffffffff,,
0xffffffff,,
0xffffffff,,
0xffffffff,,
0xffffffff,,
0xffffffff,,
0xffffffff,,
0xffffffff,,
0xffffffff,,
0xffffffff,,
0xffffffff,,
0xffffffff,,
0xffffffff,,
0xffffffff,,
0xffffffff,,
0xffffffff,,
0xffffffff,,
0xffffffff,,
0xffffffff,,
0xffffffff,,
0xffffffff,,
0xffffffff,,
0xffffffff,,
0xffffffff,,
0xffffffff,,
0xffffffff,,
0xffffffff,,
0xffffffff,,
0xffffffff,,
0xffffffff,,
0xffffffff,,
0xffffffff,,
0xffffffff,,
0xffffffff,,
0xffffffff,,
0xffffffff,,
0xffffffff,,
0xffffffff,,
0xffffffff,,
0xffffffff,,
0xffffffff,,
0xffffffff,,
0xffffffff,,
0xffffffff,,
0xffffffff,,
0xffffffff,,
0xffffffff,,
0xffffffff,,
0xffffffff,,
0xffffffff,,
0xffffffff,,
0xffffffff,,
0xffffffff,,
0xffffffff,,
0xffffffff,,
0xffffffff,,
0xffffffff,,
0xffffffff,,
0xffffffff,,
0xffffffff,,
0xffffffff,,
0xffffffff,,
0xffffffff,,
0xffffffff,,
0xffffffff,,
0xffffffff,,
0xffffffff,,
0xffffffff,,
0xffffffff,,
0xffffffff,,
0xffffffff,,
0xffffffff,,
0xffffffff,,
0xffffffff,,
0xffffffff,,
0xffffffff,,
0xffffffff,,
0xffffffff,,
0xffffffff,,
0xffffffff,,
0xffffffff,,
0xffffffff,,
0xffffffff,,
0xffffffff,,
0xffffffff,,
0xffffffff,,
0xffffffff,,
0xffffffff,,
0xffffffff,,
0xffffffff,,
0xffffffff,,
0xffffffff,,
0xffffffff,,
0xffffffff,,
0xffffffff,,
0xffffffff,,
0xffffffff,,
0xffffffff,,
0xffffffff,,
0xffffffff,,
0xffffffff,,
0xffffffff,,
0xffffffff,,
0xffffffff,,
0xffffffff,,
0xffffffff,,
0xffffffff,,
0xffffffff,,
0xffffffff,,
0xffffffff,,
0xffffffff,,
0xffffffff,,
0xffffffff,,
0xffffffff,,
0xffffffff,,
0xffffffff,,
0xffffffff,,
0xffffffff,,
0xffffffff,,
0xffffffff,,
0xffffffff,,
0xffffffff,,
0xffffffff,,
0xffffffff,,
0xffffffff,,
0xffffffff,,
0xffffffff,,
0xffffffff,,
0xffffffff,,
0xffffffff,,
0xffffffff,,
0xffffffff,,
0xffffffff,,
0xffffffff,,
0xffffffff,,
0xffffffff,,
0xffffffff,,
0xffffffff,,
0xffffffff,,
0xffffffff,,
0xffffffff,,
0xffffffff,,
0xffffffff,,
0xffffffff,,
0xffffffff,,
0xffffffff,,
0xffffffff,,
0xffffffff,,
0xffffffff,,
0xffffffff,,
0xffffffff,,
0xffffffff,,
0xffffffff,,
0xffffffff,,
0xffffffff,,
0xffffffff,,
0xffffffff,,
0xffffffff,,
0xffffffff,,
0xffffffff,,
0xffffffff,,
0xffffffff,,
0xffffffff,,
0xffffffff,,
0xffffffff,,
0xffffffff,,
0xffffffff,,
0xffffffff,,
0xffffffff,,
0xffffffff,,
0xffffffff,,
0xffffffff,,
0xffffffff,,
0xffffffff,,
0xffffffff,,
0xffffffff,,
0xffffffff,,
0xffffffff,,
0xffffffff,,
0xffffffff,,
0xffffffff,,
0xffffffff,,
0xffffffff,,
0xffffffff,,
0xffffffff,,
0xffffffff,,
0xffffffff,,
0xffffffff,,
0xffffffff,,
0xffffffff,,
0xffffffff,,
0xffffffff,,
0xffffffff,,
0xffffffff,,
0xffffffff,,
0xffffffff,,
0xffffffff,,
0xffffffff,,
0xffffffff,,
0xffffffff,,
0xffffffff,,
0xffffffff,,
0xffffffff,,
0xffffffff,,
0xffffffff,,
0xffffffff,,
0xffffffff,,
0xffffffff,,
0xffffffff,,
0xffffffff,,
0xffffffff,,
0xffffffff,,
0xffffffff,,
0xffffffff,,
0xffffffff,,
0xffffffff,,
0xffffffff,,
0xffffffff,,
0xffffffff,,
0xffffffff,,
0xffffffff,,
0xffffffff,,
0xffffffff,,
0xffffffff,,
0xffffffff,,
0xffffffff,,
0xffffffff,,
0xffffffff,,
0xffffffff,,
0xffffffff,,
0xffffffff,,
0xffffffff,,
0xffffffff,,
0xffffffff,,
0xffffffff,,
0xffffffff,,
0xffffffff,,
0xffffffff,,
0xffffffff,,
0xffffffff,,
0xffffffff,,
0xffffffff,,
0xffffffff,,
0xffffffff,,
0xffffffff,,
0xffffffff,,
0xffffffff,,
0xffffffff,,
0xffffffff,,
0xffffffff,,
0xffffffff,,
0xffffffff,,
0xffffffff,,
0xffffffff,,
0xffffffff,,
0xffffffff,,
0xffffffff,,
0xffffffff,,
0xffffffff,,
0xffffffff,,
0xffffffff,,
0xffffffff,,
0xffffffff,,
0xffffffff,,
0xffffffff,,
0xffffffff,,
0xffffffff,,
0xffffffff,,
0xffffffff,,
0xffffffff,,
0xffffffff,,
0xffffffff,,
0xffffffff,,
0xffffffff,,
0xffffffff,,
0xffffffff,,
0xffffffff,,
0xffffffff,,
0xffffffff,,
0xffffffff,,
0xffffffff,,
0xffffffff,,
0xffffffff,,
0xffffffff,,
0xffffffff,,
0xffffffff,,
0xffffffff,,
0xffffffff,,
0xffffffff,,
0xffffffff,,
0xffffffff,,
0xffffffff,,
0xffffffff,,
0xffffffff,,
0xffffffff,,
0xffffffff,,
0xffffffff,,
0xffffffff,,
0xffffffff,,
0xffffffff,,
0xffffffff,,
0xffffffff,,
0xffffffff,,
0xffffffff,,
0xffffffff,,
0xffffffff,,
0xffffffff,,
0xffffffff,,
0xffffffff,,
0xffffffff,,
0xffffffff,,
0xffffffff,,
0xffffffff,,
0xffffffff,,
0xffffffff,,
0xffffffff,,
0xffffffff,,
0xffffffff,,
0xffffffff,,
0xffffffff,,
0xffffffff,,
0xffffffff,,
0xffffffff,,
0xffffffff,,
0xffffffff,,
0xffffffff,,
0xffffffff,,
0xffffffff,,
0xffffffff,,
0xffffffff,,
0xffffffff,,
0xffffffff,,
0xffffffff,,
0xffffffff,,
0xffffffff,,
0xffffffff,,
0xffffffff,,
0xffffffff,,
0xffffffff,,
0xffffffff,,
0xffffffff,,
0xffffffff,,
0xffffffff,,
0xffffffff,,
0xffffffff,,
0xffffffff,,
0xffffffff,,
0xffffffff,,
0xffffffff,,
0xffffffff,,
0xffffffff,,
0xffffffff,,
0xffffffff,,
0xffffffff,,
0xffffffff,,
0xffffffff,,
0xffffffff,,
0xffffffff,,
0xffffffff,,
0xffffffff,,
0xffffffff,,
0xffffffff,,
0xffffffff,,
0xffffffff,,
0xffffffff,,
0xffffffff,,
0xffffffff,,
0xffffffff,,
0xffffffff,,
0xffffffff,,
0xffffffff,,
0xffffffff,,
0xffffffff,,
0xffffffff,,
0xffffffff,,
0xffffffff,,
0xffffffff,,
0xffffffff,,
0xffffffff,,
0xffffffff,,
0xffffffff,,
0xffffffff,,
0xffffffff,,
0xffffffff,,
0xffffffff,,
0xffffffff,,
0xffffffff,,
0xffffffff,,
0xffffffff,,
0xffffffff,,
0xffffffff,,
0xffffffff,,
0xffffffff,,
0xffffffff,,
0xffffffff,,
0xffffffff,,
0xffffffff,,
0xffffffff,,
0xffffffff,,
0xffffffff,,
0xffffffff,,
0xffffffff,,
0xffffffff,,
0xffffffff,,
0xffffffff,,
0xffffffff,,
0xffffffff,,
0xffffffff,,
0xffffffff,,
0xffffffff,,
0xffffffff,,
0xffffffff,,
0xffffffff,,
0xffffffff,,
0xffffffff,,
0xffffffff,,
0xffffffff,,
0xffffffff,,
0xffffffff,,
0xffffffff,,
0xffffffff,,
0xffffffff,,
0xffffffff,,
0xffffffff,,
0xffffffff,,
0xffffffff,,
0xffffffff,,
0xffffffff,,
0xffffffff,,
0xffffffff,,
0xffffffff,,
0xffffffff,,
0xffffffff,,
0xffffffff,,
0xffffffff,,
0xffffffff,,
0xffffffff,,
0xffffffff,,
0xffffffff,,
0xffffffff,,
0xffffffff,,
0xffffffff,,
0xffffffff,,
0xffffffff,,
0xffffffff,,
0xffffffff,,
0xffffffff,,
0xffffffff,,
0xffffffff,,
0xffffffff,,
0xffffffff,,
0xffffffff,,
0xffffffff,,
0xffffffff,,
0xffffffff,,
0xffffffff,,
0xffffffff,,
0xffffffff,,
0xffffffff,,
0xffffffff,,
0xffffffff,,
0xffffffff,,
0xffffffff,,
0xffffffff,,
0xffffffff,,
0xffffffff,,
0xffffffff,,
0xffffffff,,
0xffffffff,,
0xffffffff,,
0xffffffff,,
0xffffffff,,
0xffffffff,,
0xffffffff,,
0xffffffff,,
0xffffffff,,
0xffffffff,,
0xffffffff,,
0xffffffff,,
0xffffffff,,
0xffffffff,,
0xffffffff,,
0xffffffff,,
0xffffffff,,
0xffffffff,,
0xffffffff,,
0xffffffff,,
0xffffffff,,
0xffffffff,,
0xffffffff,,
0xffffffff,,
0xffffffff,,
0xffffffff,,
0xffffffff,,
0xffffffff,,
0xffffffff,,
0xffffffff,,
0xffffffff,,
0xffffffff,,
0xffffffff,,
0xffffffff,,
0xffffffff,,
0xffffffff,,
0xffffffff,,
0xffffffff,,
0xffffffff,,
0xffffffff,,
0xffffffff,,
0xffffffff,,
0xffffffff,,
0xffffffff,,
0xffffffff,,
0xffffffff,,
0xffffffff,,
0xffffffff,,
0xffffffff,,
0xffffffff,,
0xffffffff,,
0xffffffff,,
0xffffffff,,
0xffffffff,,
0xffffffff,,
0xffffffff,,
0xffffffff,,
0xffffffff,,
0xffffffff,,
0xffffffff,,
0xffffffff,,
0xffffffff,,
0xffffffff,,
0xffffffff,,
0xffffffff,,
0xffffffff,,
0xffffffff,,
0xffffffff,,
0xffffffff,,
0xffffffff,,
0xffffffff,,
0xffffffff,,
0xffffffff,,
0xffffffff,,
0xffffffff,,
0xffffffff,,
0xffffffff,,
0xffffffff,,
0xffffffff,,
0xffffffff,,
0xffffffff,,
0xffffffff,,
0xffffffff,,
0xffffffff,,
0xffffffff,,
0xffffffff,,
0xffffffff,,
0xffffffff,,
0xffffffff,,
0xffffffff,,
0xffffffff,,
0xffffffff,,
0xffffffff,,
0xffffffff,,
0xffffffff,,
0xffffffff,,
0xffffffff,,
0xffffffff,,
0xffffffff,,
0xffffffff,,
0xffffffff,,
0xffffffff,,
0xffffffff,,
0xffffffff,,
0xffffffff,,
0xffffffff,,
0xffffffff,,
0xffffffff,,
0xffffffff,,
0xffffffff,,
0xffffffff,,
0xffffffff,,
0xffffffff,,
0xffffffff,,
0xffffffff,,
0xffffffff,,
0xffffffff,,
0xffffffff,,
0xffffffff,,
0xffffffff,,
0xffffffff,,
0xffffffff,,
0xffffffff,,
0xffffffff,,
0xffffffff,,
0xffffffff,,
0xffffffff,,
0xffffffff,,
0xffffffff,,
0xffffffff,,
0xffffffff,,
0xffffffff,,
0xffffffff,,
0xffffffff,,
0xffffffff,,
0xffffffff,,
0xffffffff,,
0xffffffff,,
0xffffffff,,
0xffffffff,,
0xffffffff,,
0xffffffff,,
0xffffffff,,
0xffffffff,,
0xffffffff,,
0xffffffff,,
0xffffffff,,
0xffffffff,,
0xffffffff,,
0xffffffff,,
0xffffffff,,
0xffffffff,,
0xffffffff,,
0xffffffff,,
0xffffffff,,
0xffffffff,,
0xffffffff,,
0xffffffff,,
0xffffffff,,
0xffffffff,,
0xffffffff,,
0xffffffff,,
0xffffffff,,
0xffffffff,,
0xffffffff,,
0xffffffff,,
0xffffffff,,
0xffffffff,,
0xffffffff,,
0xffffffff,,
0xffffffff,,
0xffffffff,,
0xffffffff,,
0xffffffff,,
0xffffffff,,
0xffffffff,,
0xffffffff,,
0xffffffff,,
0xffffffff,,
0xffffffff,,
0xffffffff,,
0xffffffff,,
0xffffffff,,
0xffffffff,,
0xffffffff,,
0xffffffff,,
0xffffffff,,
0xffffffff,,
0xffffffff,,
0xffffffff,,
0xffffffff,,
0xffffffff,,
0xffffffff,,
0xffffffff,,
0xffffffff,,
0xffffffff,,
0xffffffff,,
0xffffffff,,
0xffffffff,,
0xffffffff,,
0xffffffff,,
0xffffffff,,
0xffffffff,,
0xffffffff,,
0xffffffff,,
0xffffffff,,
0xffffffff,,
0xffffffff,,
0xffffffff,,
0xffffffff,,
0xffffffff,,
0xffffffff,,
0xffffffff,,
0xffffffff,,
0xffffffff,,
0xffffffff,,
0xffffffff,,
0xffffffff,,
0xffffffff,,
0xffffffff,,
0xffffffff,,
0xffffffff,,
0xffffffff,,
0xffffffff,,
0xffffffff,,
0xffffffff,,
0xffffffff,,
0xffffffff,,
0xffffffff,,
0xffffffff,,
0xffffffff,,
0xffffffff,,
0xffffffff,,
0xffffffff,,
0xffffffff,,
0xffffffff,,
0xffffffff,,
0xffffffff,,
0xffffffff,,
0xffffffff,,
0xffffffff,,
0xffffffff,,
0xffffffff,,
0xffffffff,,
0xffffffff,,
0xffffffff,,
0xffffffff,,
0xffffffff,,
0xffffffff,,
0xffffffff,,
0xffffffff,,
0xffffffff,,
0xffffffff,,
0xffffffff,,
0xffffffff,,
0xffffffff,,
0xffffffff,,
0xffffffff,,
0xffffffff,,
0xffffffff,,
0xffffffff,,
0xffffffff,,
0xffffffff,,
0xffffffff,,
0xffffffff,,
0xffffffff,,
0xffffffff,,
0xffffffff,,
0xffffffff,,
0xffffffff,,
0xffffffff,,
0xffffffff,,
0xffffffff,,
0xffffffff,,
0xffffffff,,
0xffffffff,,
0xffffffff,,
0xffffffff,,
0xffffffff,,
0xffffffff,,
0xffffffff,,
0xffffffff,,
0xffffffff,,
0xffffffff,,
0xffffffff,,
0xffffffff,,
0xffffffff,,
0xffffffff,,
0xffffffff,,
0xffffffff,,
0xffffffff,,
0xffffffff,,
0xffffffff,,
0xffffffff,,
0xffffffff,,
0xffffffff,,
0xffffffff,,
0xffffffff,,
0xffffffff,,
0xffffffff,,
0xffffffff,,
0xffffffff,,
0xffffffff,,
0xffffffff,,
0xffffffff,,
0xffffffff,,
0xffffffff,,
0xffffffff,,
0xffffffff,,
0xffffffff,,
0xffffffff,,
0xffffffff,,
0xffffffff,,
0xffffffff,,
0xffffffff,,
0xffffffff,,
0xffffffff,,
0xffffffff,,
0xffffffff,,
0xffffffff,,
0xffffffff,,
0xffffffff,,
0xffffffff,,
0xffffffff,,
0xffffffff,,
0xffffffff,,
0xffffffff,,
0xffffffff,,
0xffffffff,,
0xffffffff,,
0xffffffff,,
0xffffffff,,
0xffffffff,,
0xffffffff,,
0xffffffff,,
0xffffffff,,
0xffffffff,,
0xffffffff,,
0xffffffff,,
0xffffffff,,
0xffffffff,,
0xffffffff,,
0xffffffff,,
0xffffffff,,
0xffffffff,,
0xffffffff,,
0xffffffff,,
0xffffffff,,
0xffffffff,,
0xffffffff,,
0xffffffff,,
0xffffffff,,
0xffffffff,,
0xffffffff,,
0xffffffff,,
0xffffffff,,
0xffffffff,,
0xffffffff,,
0xffffffff,,
0xffffffff,,
0xffffffff,,
0xffffffff,,
0xffffffff,,
0xffffffff,,
0xffffffff,,
0xffffffff,,
0xffffffff,,
0xffffffff,,
0xffffffff,,
0xffffffff,,
0xffffffff,,
0xffffffff,,
0xffffffff,,
0xffffffff,,
0xffffffff,,
0xffffffff,,
0xffffffff,,
0xffffffff,,
0xffffffff,,
0xffffffff,,
0xffffffff,,
0xffffffff,,
0xffffffff,,
0xffffffff,,
0xffffffff,,
0xffffffff,,
0xffffffff,,
0xffffffff,,
0xffffffff,,
0xffffffff,,
0xffffffff,,
0xffffffff,,
0xffffffff,,
0xffffffff,,
0xffffffff,,
0xffffffff,,
0xffffffff,,
0xffffffff,,
0xffffffff,,
0xffffffff,,
0xffffffff,,
0xffffffff,,
0xffffffff,,
0xffffffff,,
0xffffffff,,
0xffffffff,,
0xffffffff,,
0xffffffff,,
0xffffffff,,
0xffffffff,,
0xffffffff,,
0xffffffff,,
0xffffffff,,
0xffffffff,,
0xffffffff,,
0xffffffff,,
0xffffffff,,
0xffffffff,,
0xffffffff,,
0xffffffff,,
0xffffffff,,
0xffffffff,,
0xffffffff,,
0xffffffff,,
0xffffffff,,
0xffffffff,,
0xffffffff,,
0xffffffff,,
0xffffffff,,
0xffffffff,,
0xffffffff,,
0xffffffff,,
0xffffffff,,
0xffffffff,,
0xffffffff,,
0xffffffff,,
0xffffffff,,
0xffffffff,,
0xffffffff,,
0xffffffff,,
0xffffffff,,
0xffffffff,,
0xffffffff,,
0xffffffff,,
0xffffffff,,
0xffffffff,,
0xffffffff,,
0xffffffff,,
0xffffffff,,
0xffffffff,,
0xffffffff,,
0xffffffff,,
0xffffffff,,
0xffffffff,,
0xffffffff,,
0xffffffff,,
0xffffffff,,
0xffffffff,,
0xffffffff,,
0xffffffff,,
0xffffffff,,
0xffffffff,,
0xffffffff,,
0xffffffff,,
0xffffffff,,
0xffffffff,,
0xffffffff,,
0xffffffff,,
0x244b,"Wählen Sie den Speicherplatz.
","Wählen Sie den Speicherplatz.
"
0x246b,"Wählen Sie die zu ladende Datei.
","Wählen Sie die zu ladende Datei.
"
0x248e,"Keine Memory Card (PS2) gefunden.
","Keine Memory Card (PS2) gefunden.
"
0x24b1,"Keine Memory Card (PS2) gefunden.
Spiel fortsetzen?
","Keine Memory Card (PS2) gefunden.
Spiel fortsetzen?
"
0x24e6,"Keine Memory Card (PS2) gefunden.
Fortfahren ohne zu speichern?
","Keine Memory Card (PS2) gefunden.
Fortfahren ohne zu speichern?
"
0x2527,"Ungenügend freier Speicherplatz auf der
Memory Card (PS2). Zum Speichern sind
mind. %d KB freier Speicherplatz nötig.
","Ungenügend freier Speicherplatz auf der
Memory Card (PS2). Zum Speichern sind
mind. %d KB freier Speicherplatz nötig.
"
0x25a0,"Neue Datei auf der Memory Card (PS2)
erstellen?
Ja oder Nein
","Neue Datei auf der Memory Card (PS2)
erstellen?
Ja oder Nein
"
0x25de,"Möchten Sie diese Daten wirklich
überschreiben?
Ja oder Nein
","Möchten Sie diese Daten wirklich
überschreiben?
Ja oder Nein
"
0x261e,"Memory Card (PS2) ist nicht formatiert.
Memory Card (PS2) formatieren und
speichern?
","Memory Card (PS2) ist nicht formatiert.
Memory Card (PS2) formatieren und
speichern?
"
0x2674,"Speichert Daten. Memory Card (PS2) und
Controller nicht entfernen und die Konsole
nicht zurückstellen oder abschalten.
","Speichert Daten. Memory Card (PS2) und
Controller nicht entfernen und die Konsole
nicht zurückstellen oder abschalten.
"
0x26ed,"Formatiert Memory Card (PS2). Memory
Card (PS2) u. Controller nicht entfernen u.
Konsole nicht zurückstellen o. abschalten.
","Formatiert Memory Card (PS2). Memory
Card (PS2) u. Controller nicht entfernen u.
Konsole nicht zurückstellen o. abschalten.
"
0x276b,"Speichern erfolgreich
","Speichern erfolgreich
"
0x2782,"Speichern gescheitert! Bitte überprüfen
Sie die Memory Card (PS2) und
versuchen Sie es noch einmal.
","Speichern gescheitert! Bitte überprüfen
Sie die Memory Card (PS2) und
versuchen Sie es noch einmal.
"
0x27e9,"Formatieren gescheitert! Bitte überprüfen
Sie die Memory Card (PS2) und
versuchen Sie es noch einmal.
","Formatieren gescheitert! Bitte überprüfen
Sie die Memory Card (PS2) und
versuchen Sie es noch einmal.
"
0x2852,"Keine Daten auf der Memory
Card (PS2) vorhanden.
","Keine Daten auf der Memory
Card (PS2) vorhanden.
"
0x2884,"Keine Daten auf der Memory
Card (PS2) vorhanden.
Spiel fortsetzen?
","Keine Daten auf der Memory
Card (PS2) vorhanden.
Spiel fortsetzen?
"
0x28c8,"Keine Daten auf der Memory
Card (PS2) vorhanden.
Spiel fortsetzen ohne zu speichern?
","Keine Daten auf der Memory
Card (PS2) vorhanden.
Spiel fortsetzen ohne zu speichern?
"
0x291e,"Ja oder Nein
","Ja oder Nein
"
0x292c,"Lädt Daten.
","Lädt Daten.
"
0x293a,"Laden erfolgreich.
","Laden erfolgreich.
"
0x294e,"Laden gescheitert. Bitte überprüfen Sie
die Memory Card (PS2) und versuchen
Sie es noch einmal.
","Laden gescheitert. Bitte überprüfen Sie
die Memory Card (PS2) und versuchen
Sie es noch einmal.
"
0x29b1,"Laden abbrechen?
","Laden abbrechen?
"
0x29c3,"Speichern abbrechen?
","Speichern abbrechen?
"
0x29d9,"Ungenügend Speicherplatz auf Memory Card
(PS2). Zum Speichern sind mind. %d KB
freier Speicherplatz nötig. Spiel fortsetzen?
","Ungenügend Speicherplatz auf Memory Card
(PS2). Zum Speichern sind mind. %d KB
freier Speicherplatz nötig. Spiel fortsetzen?
"
0x2a59,"Keine Memory Card (PS2) gefunden.
Mindestens %d KB freier Speicherplatz nötig,
um Daten zu speichern. Spiel fortsetzen?
","Keine Memory Card (PS2) gefunden.
Mindestens %d KB freier Speicherplatz nötig,
um Daten zu speichern. Spiel fortsetzen?
"
0x2ad3,"Überprüfen der Memory Card (PS2) geschei-
tert. Mind. %d KB freier Speicherplatz nötig,
um Daten zu speichern. Spiel fortsetzen?
","Überprüfen der Memory Card (PS2) geschei-
tert. Mind. %d KB freier Speicherplatz nötig,
um Daten zu speichern. Spiel fortsetzen?
"
0x2b58,"Bitte legen Sie eine andere
Memory Card (PS2) ein.
","Bitte legen Sie eine andere
Memory Card (PS2) ein.
"
0x2b8c,"Ja
","Ja
"
0x2b90,"Nein
","Nein
"
0x2b96,"Warnung
","Warnung
"
0x2b9f,"Spiel fortsetzen?
","Spiel fortsetzen?
"
0x2bb2,"Daten auf der Memory Card (PS2)
sind defekt.
","Daten auf der Memory Card (PS2)
sind defekt.
"
0x2be0,"Prüft Memory Card (PS2).
","Prüft Memory Card (PS2).
"
0x2bfb,"Bitte legen Sie eine
Memory Card (PS2) ein.
","Bitte legen Sie eine
Memory Card (PS2) ein.
"
0x2c28,"Keine Memory Card (PS2) gefunden.
Memory Card (PS2) einlegen, die zum
Laden der Speicherdaten verwendet wurde.
","Keine Memory Card (PS2) gefunden.
Memory Card (PS2) einlegen, die zum
Laden der Speicherdaten verwendet wurde.
"
0x2c98,"Keine geladenen Daten gefunden.
Memory Card (PS2) einlegen, die zum
Laden der Speicherdaten verwendet wurde.
","Keine geladenen Daten gefunden.
Memory Card (PS2) einlegen, die zum
Laden der Speicherdaten verwendet wurde.
"
0x2d06,"Laden gescheitert! Legen Sie die
Memory Card (PS2) ein, die zum Laden
der gespeicherten Daten verwendet wurde.
","Laden gescheitert! Legen Sie die
Memory Card (PS2) ein, die zum Laden
der gespeicherten Daten verwendet wurde.
"
0x2d76,"Gespeicherte Daten sind defekt. Legen Sie
die Memory Card (PS2) ein, die z. Laden
der gespeicherten Daten verwendet wurde.
","Gespeicherte Daten sind defekt. Legen Sie
die Memory Card (PS2) ein, die z. Laden
der gespeicherten Daten verwendet wurde.
"
0x2df2,"Zurück zum Hauptmenü?
","Zurück zum Hauptmenü?
"
0x2e0b,"Memory Card (PS2) wurde während des
Speicherns entfernt. Memory Card (PS2)
wieder einlegen. Überschreiben abbrechen?
","Memory Card (PS2) wurde während des
Speicherns entfernt. Memory Card (PS2)
wieder einlegen. Überschreiben abbrechen?
"
0x2e83,"Geladene Daten nicht gefunden.
Derzeit gespeicherte Daten auf der
Memory Card (PS2) überschreiben?
","Geladene Daten nicht gefunden.
Derzeit gespeicherte Daten auf der
Memory Card (PS2) überschreiben?
"
0x2ee8,"Transfer erfolgreich.
","Transfer erfolgreich.
"
0x2eff,"Transfer gescheitert.
","Transfer gescheitert.
"
0x2f16,"Prüft MEMORY CARD-Steckplatz 1.
","Prüft MEMORY CARD-Steckplatz 1.
"
0x2f38,"Prüft MEMORY CARD-Steckplatz 2.
","Prüft MEMORY CARD-Steckplatz 2.
"
0x2f5a,Speichern?,Speichern?
0x2f65,"?
","?
"
0x2f68,"Dremuchij Süd
","Dremuchij Süd
"
0x2f78,"Dremuchij Ost
","Dremuchij Ost
"
0x2f87,"Dremuchij Sumpfgegend
","Dremuchij Sumpfgegend
"
0x2f9e,"Dremuchij Nord
","Dremuchij Nord
"
0x2fae,"Dolinovodno
","Dolinovodno
"
0x2fbb,"Rassvet
","Rassvet
"
0x2fc4,"Dolinovodno Flussufer
","Dolinovodno Flussufer
"
0x2fdb,"Chyornyj Prud
","Chyornyj Prud
"
0x2fea,"Bolshaya Past Süd
","Bolshaya Past Süd
"
0x2ffe,"Bolshaya Past Basis
","Bolshaya Past Basis
"
0x3013,"Bolshaya Past Spalt
","Bolshaya Past Spalt
"
0x3028,"Chyornaya Peschera Höhlengang
","Chyornaya Peschera Höhlengang
"
0x3048,"Chyornaya Peschera Höhle
","Chyornaya Peschera Höhle
"
0x3063,"Chyornaya Peschera Höhleneingang
","Chyornaya Peschera Höhleneingang
"
0x3086,"Ponizovje Süd
","Ponizovje Süd
"
0x3096,"Ponizovje West
","Ponizovje West
"
0x30a6,"Außerhalb des Ponizovje Lagers
","Außerhalb des Ponizovje Lagers
"
0x30c7,"Ponizovje Lager
","Ponizovje Lager
"
0x30d8,"Graniny Gorki Süd
","Graniny Gorki Süd
"
0x30ec,"Außerhalb des Graniny Gorki Labors:
Außerhalb der Mauern
","Außerhalb des Graniny Gorki Labors:
Außerhalb der Mauern
"
0x3128,"Außerhalb des Graniny Gorki Labors:
Innerhalb der Mauern
","Außerhalb des Graniny Gorki Labors:
Innerhalb der Mauern
"
0x3163,"Graniny Gorki Labor 1O (2O)
","Graniny Gorki Labor 1O (2O)
"
0x3180,"Graniny Gorki Labor 1U Ost
","Graniny Gorki Labor 1U Ost
"
0x319c,"Graniny Gorki Labor 1U West
","Graniny Gorki Labor 1U West
"
0x31b9,"Svyatogornyj Süd
","Svyatogornyj Süd
"
0x31cc,"Svyatogornyj West
","Svyatogornyj West
"
0x31df,"Svyatogornyj Ost
","Svyatogornyj Ost
"
0x31f1,"Sokrovenno Süd
","Sokrovenno Süd
"
0x3202,"Sokrovenno West
","Sokrovenno West
"
0x3213,"Sokrovenno Nord
","Sokrovenno Nord
"
0x3224,"Krasnogorje Tunnel
","Krasnogorje Tunnel
"
0x3238,"Krasnogorje Gebirgsstation
","Krasnogorje Gebirgsstation
"
0x3254,"Krasnogorje Berg: Seite
","Krasnogorje Berg: Seite
"
0x326d,"Krasnogorje Bergspitze
","Krasnogorje Bergspitze
"
0x3285,"Ruinen auf der Krasnogorje Bergspitze
","Ruinen auf der Krasnogorje Bergspitze
"
0x32ac,"Ruinen auf der Krasnogorje Bergspitze:
Rückseite
","Ruinen auf der Krasnogorje Bergspitze:
Rückseite
"
0x32df,"Groznyj Grad unterirdischer Tunnel
","Groznyj Grad unterirdischer Tunnel
"
0x3303,"Groznyj Grad Südwest
","Groznyj Grad Südwest
"
0x331a,"Groznyj Grad Nordwest
","Groznyj Grad Nordwest
"
0x3331,"Groznyj Grad Nordost
","Groznyj Grad Nordost
"
0x3347,"Groznyj Grad Südost
","Groznyj Grad Südost
"
0x335d,"Groznyj Grad Waffenlabor: Ostflügel
","Groznyj Grad Waffenlabor: Ostflügel
"
0x3383,"Groznyj Grad Waffenlabor:
Korridor im Westflügel
","Groznyj Grad Waffenlabor:
Korridor im Westflügel
"
0x33b6,"Groznyj Grad Folterkammer
","Groznyj Grad Folterkammer
"
0x33d1,"Groznyj Grad Kanalisation
","Groznyj Grad Kanalisation
"
0x33ec,"Groznyj Grad Waffenlabor: Hauptflügel
","Groznyj Grad Waffenlabor: Hauptflügel
"
0x3414,"Groznyj Grad Waffenlabor: Hauptflügel 1U
","Groznyj Grad Waffenlabor: Hauptflügel 1U
"
0x343f,"?
","?
"
0x3442,"Tikhogornyj
","Tikhogornyj
"
0x344f,"Tikhogornyj: Hinter dem Wasserfall
","Tikhogornyj: Hinter dem Wasserfall
"
0x3473,"Groznyj Grad
","Groznyj Grad
"
0x3481,"Groznyj Grad Start- und Landebahn Süd
","Groznyj Grad Start- und Landebahn Süd
"
0x34a9,"Groznyj Grad Start- und Landebahn
","Groznyj Grad Start- und Landebahn
"
0x34cc,"Groznyj Grad Eisenbahnbrücke
","Groznyj Grad Eisenbahnbrücke
"
0x34eb,"Groznyj Grad Eisenbahnbrücke Nord
","Groznyj Grad Eisenbahnbrücke Nord
"
0x350f,"Lazorevo Süd
","Lazorevo Süd
"
0x351e,"Lazorevo Nord
","Lazorevo Nord
"
0x352d,"Zaozyorje West
","Zaozyorje West
"
0x353d,"Zaozyorje Ost
","Zaozyorje Ost
"
0x354c,"Rokovoj Bereg
","Rokovoj Bereg
"
0x355b,"Im WIG
","Im WIG
"
0x3563,"Virtuose Mission beendet.
","Virtuose Mission beendet.
"
0x357e,"Rassvet
","Rassvet
"
0x3587,"Groznyj Grad Waffenlabor: Westflügel
","Groznyj Grad Waffenlabor: Westflügel
"
0x35ae,"Groznyj Grad Waffenlabor: Hauptflügel
","Groznyj Grad Waffenlabor: Hauptflügel
"
0x35d6,"Jenseits der sowjetischen Grenze.
","Jenseits der sowjetischen Grenze.
"
0x35f9,"Operation „Snake Eater"" beendet.
","Operation „Snake Eater"" beendet.
"
0x361d,"Ich spiele zum ersten Mal MGS!
","Ich spiele zum ersten Mal MGS!
"
0x363d,"Mir gefällt MGS1!
","Mir gefällt MGS1!
"
0x3651,"Mir gefällt MGS2!
","Mir gefällt MGS2!
"
0x3665,"Mir gefällt MGS3!
","Mir gefällt MGS3!
"
0x3679,"NEUES SPIEL
","NEUES SPIEL
"
0x3686,"SPIEL LADEN
","SPIEL LADEN
"
0x3693,"INFO-DATEIEN
","INFO-DATEIEN
"
0x36a1,"SCHLANGE GEGEN AFFE
","SCHLANGE GEGEN AFFE
"
0x36b6,"OPTIONSMODUS
","OPTIONSMODUS
"
0x36c4,"SPEZIALMODUS
","SPEZIALMODUS
"
0x36d2,"Für Anfänger.
","Für Anfänger.
"
0x36e3,"Für Neulinge des Action-Genres.
","Für Neulinge des Action-Genres.
"
0x3705,"Standardschwierigkeit.
","Standardschwierigkeit.
"
0x371d,"Für geübte Spieler.
","Für geübte Spieler.
"
0x3734,"Für Experten des Action-Genres.
","Für Experten des Action-Genres.
"
0x3756,"VIRTUOSE MISSION
","VIRTUOSE MISSION
"
0x3768,"OPERATION „SNAKE EATER""
","OPERATION „SNAKE EATER""
"
0x3783,"Zurück zum vorigen Bildschirm.
","Zurück zum vorigen Bildschirm.
"
0x37a4,"DUELL
","DUELL
"
0x37ab,"FILMBETRACHTER
","FILMBETRACHTER
"
0x37bb,"Spiel endet bei Entdeckung durch den Feind.
","Spiel endet bei Entdeckung durch den Feind.
"
0x37e8,"Vibration EIN/AUS.
","Vibration EIN/AUS.
"
0x37fc,"Blutanzeige EIN/AUS.
","Blutanzeige EIN/AUS.
"
0x3812,"Dolby Pro Logic II EIN/AUS.
","Dolby Pro Logic II EIN/AUS.
"
0x382f,"Untertitel EIN/AUS.
","Untertitel EIN/AUS.
"
0x3844,"Beobachtungsperspektive wählen.
","Beobachtungsperspektive wählen.
"
0x3866,"Sprache wählen.
","Sprache wählen.
"
0x3878,"Bildschirmposition regulieren.
","Bildschirmposition regulieren.
"
0x3898,"Bildschirmhelligkeit einstellen
","Bildschirmhelligkeit einstellen
"
0x38b9,"Zurück zum vorigen Bildschirm.
","Zurück zum vorigen Bildschirm.
"
0x38da,"Für optimale Helligkeit die Monitorhelligkeit
so einstellen, dass die Graustufe unter der
orangen Linie nicht mehr sichtbar ist.
","Für optimale Helligkeit die Monitorhelligkeit
so einstellen, dass die Graustufe unter der
orangen Linie nicht mehr sichtbar ist.
"
0x395d,"Kameramodus wählen
","Kameramodus wählen
"
0x3972,"Oben/Unten Steuer. der 3D Kamera einstellen.
","Oben/Unten Steuer. der 3D Kamera einstellen.
"
0x39a0,"Links/Rechts Steuer. der 3D Kamera einstellen.
","Links/Rechts Steuer. der 3D Kamera einstellen.
"
0x39d0,"HAUPTAKTIONEN
","HAUPTAKTIONEN
"
0x39df,"FOTOALBUM
","FOTOALBUM
"
0x39ea,"BONUS
","BONUS
"
0x39f1,"TARNUNGEN HERUNTERLADEN
","TARNUNGEN HERUNTERLADEN
"
0x3a0a,"LINK ZU METAL GEAR ACID
","LINK ZU METAL GEAR ACID
"
0x3a23,"ZURÜCK ZUM VORIGEN BILDSCHIRM.
","ZURÜCK ZUM VORIGEN BILDSCHIRM.
"
0x3a44,"Gehen/Rennen
","Gehen/Rennen
"
0x3a52,"Drücken Sie den linken Analog-Stick in die
gewünschte Laufrichtung, um sich in diese
Richtung in Bewegung zu setzen.
","Drücken Sie den linken Analog-Stick in die
gewünschte Laufrichtung, um sich in diese
Richtung in Bewegung zu setzen.
"
0x3aca,"Es gibt zwei Laufgeschwindigkeiten -
abhängig davon, wie weit der linke
Analog-Stick gedrückt wird.
","Es gibt zwei Laufgeschwindigkeiten -
abhängig davon, wie weit der linke
Analog-Stick gedrückt wird.
"
0x3b31,"Zum Gehen leicht drücken, zum Rennen
fester drücken.
Mit der Richtungstaste können Sie pirschen
- langsam, aber geräuschlos.
","Zum Gehen leicht drücken, zum Rennen
fester drücken.
Mit der Richtungstaste können Sie pirschen
- langsam, aber geräuschlos.
"
0x3bb3,"END
","END
"
0x3bb8,"Bewegung (Kriechen)
","Bewegung (Kriechen)
"
0x3bcd,"Drücken Sie den linken Analog-Stick,
während Sie niederkauern oder liegen,
um zu kriechen.
","Drücken Sie den linken Analog-Stick,
während Sie niederkauern oder liegen,
um zu kriechen.
"
0x3c2b,"Es gibt zwei Bewegungsarten: normal
(Geräusch) und pirschend (geräuschlos).
Die Bewegungsart hängt davon ab, wie weit
der linke Analog-Stick gedrückt wird.
","Es gibt zwei Bewegungsarten: normal
(Geräusch) und pirschend (geräuschlos).
Die Bewegungsart hängt davon ab, wie weit
der linke Analog-Stick gedrückt wird.
"
0x3ccc,"END
","END
"
0x3cd1,"Kauern/Stehen
","Kauern/Stehen
"
0x3ce0,"Drücken Sie die -Taste, um zwischen
Stehen, Kauern und Liegen zu wechseln.
","Drücken Sie die -Taste, um zwischen
Stehen, Kauern und Liegen zu wechseln.
"
0x3d30,"Drücken Sie zweimal schnell die -Taste,
oder halten Sie sie gedrückt, um sofort von
Stehen zu Liegen oder von Liegen zu Stehen
zu wechseln.
","Drücken Sie zweimal schnell die -Taste,
oder halten Sie sie gedrückt, um sofort von
Stehen zu Liegen oder von Liegen zu Stehen
zu wechseln.
"
0x3dc2,"END
","END
"
0x3dc7,"Beobachtungsperspektive
","Beobachtungsperspektive
"
0x3de0,"Halten Sie die -Taste gedrückt, um in
die Beobachtungsperspektive zu wechseln.
In dieser Perspektive steuert der linke
Analog-Stick die Blickrichtung.
","Halten Sie die -Taste gedrückt, um in
die Beobachtungsperspektive zu wechseln.
In dieser Perspektive steuert der linke
Analog-Stick die Blickrichtung.
"
0x3e7c,"Mit der -Taste können Sie in der
Beobachtungsperspektive angreifen.
","Mit der -Taste können Sie in der
Beobachtungsperspektive angreifen.
"
0x3ec5,"END
","END
"
0x3eca,"Aktionen an Bäumen
","Aktionen an Bäumen
"
0x3edf,"Drücken Sie die -Taste vor einem mit
Reben bewachsenen Baum, um ihn zu
erklimmen.
","Drücken Sie die -Taste vor einem mit
Reben bewachsenen Baum, um ihn zu
erklimmen.
"
0x3f36,"Wenn Sie nahe an Äste herankommen,
können Sie die -Taste drücken, um vom
Ast zu hängen.
","Wenn Sie nahe an Äste herankommen,
können Sie die -Taste drücken, um vom
Ast zu hängen.
"
0x3f96,"END
","END
"
0x3f9b,"Zielen
","Zielen
"
0x3fa3,"Bei bestimmten Waffen können Sie in der
Beobachtungsperspektive die -Taste
drücken, um präziser als gewöhnlich zu
zielen.
","Bei bestimmten Waffen können Sie in der
Beobachtungsperspektive die -Taste
drücken, um präziser als gewöhnlich zu
zielen.
"
0x4025,"Drücken Sie die -Taste in der
Hochperspektive, um Ihre Blickrichtung
zu fixieren.
","Drücken Sie die -Taste in der
Hochperspektive, um Ihre Blickrichtung
zu fixieren.
"
0x407c,"END
","END
"
0x4081,"Schwimmen
","Schwimmen
"
0x408c,"Drücken Sie beim Schwimmen die -Taste,
um abzutauchen. Sie können so lange
tauchen, bis die O2-Anzeige auf Null sinkt.
","Drücken Sie beim Schwimmen die -Taste,
um abzutauchen. Sie können so lange
tauchen, bis die O2-Anzeige auf Null sinkt.
"
0x4109,"Mit dem linken Analog-Stick legen Sie Ihre
Blickrichtung fest. Drücken Sie wiederholt
die -Taste, um in die entsprechende
Richtung zu schwimmen.
","Mit dem linken Analog-Stick legen Sie Ihre
Blickrichtung fest. Drücken Sie wiederholt
die -Taste, um in die entsprechende
Richtung zu schwimmen.
"
0x419f,"Lassen Sie die -Taste los, um anzuhalten.
Drücken Sie den linken Analog-Stick nach
oben, um nach oben zu schwimmen, nach
unten, um abzutauchen.
","Lassen Sie die -Taste los, um anzuhalten.
Drücken Sie den linken Analog-Stick nach
oben, um nach oben zu schwimmen, nach
unten, um abzutauchen.
"
0x4234,"Die Ausdaueranzeige beeinflusst den Stand
der O2-Anzeige. Drücken Sie schnell die
-Taste, um an die Oberfläche aufzusteigen.
","Die Ausdaueranzeige beeinflusst den Stand
der O2-Anzeige. Drücken Sie schnell die
-Taste, um an die Oberfläche aufzusteigen.
"
0x42b7,"END
","END
"
0x42bc,"Rollen (Rollangriff)
","Rollen (Rollangriff)
"
0x42d2,"Drücken Sie im Rennen die -Taste, um
in Ihre Bewegungsrichtung zu rollen. Beim
Rollen können Sie einige kleine Hindernisse
überwinden.
","Drücken Sie im Rennen die -Taste, um
in Ihre Bewegungsrichtung zu rollen. Beim
Rollen können Sie einige kleine Hindernisse
überwinden.
"
0x4360,"END
","END
"
0x4365,"Eindringperspektive
","Eindringperspektive
"
0x437a,"Wenn Sie unter Tische,
","Wenn Sie unter Tische,
"
0x4392,"in Kanalisationsleitungen oder andere enge
Räume kriechen, wechseln Sie automatisch
zur Eindringperspektive und bewegen sich
in dieser Perspektive fort.
","in Kanalisationsleitungen oder andere enge
Räume kriechen, wechseln Sie automatisch
zur Eindringperspektive und bewegen sich
in dieser Perspektive fort.
"
0x442d,"Das gilt auch, wenn Sie in hohes Gras
kriechen.
","Das gilt auch, wenn Sie in hohes Gras
kriechen.
"
0x445e,"END
","END
"
0x4463,"Objekt/Leiter hochklettern
","Objekt/Leiter hochklettern
"
0x447f,"Drücken Sie die -Taste vor Objekten von
gewisser Höhe, um auf sie zu klettern.
","Drücken Sie die -Taste vor Objekten von
gewisser Höhe, um auf sie zu klettern.
"
0x44d4,"Wenn Sie vor einer Leiter stehen, drücken
Sie die -Taste, um sie hoch- oder
hinunterzuklettern.
","Wenn Sie vor einer Leiter stehen, drücken
Sie die -Taste, um sie hoch- oder
hinunterzuklettern.
"
0x4539,"END
","END
"
0x453e,"Hangeln
","Hangeln
"
0x4547,"Sie können von Klippen, Ästen und anderen
erhöhten Stellen hangeln.
","Sie können von Klippen, Ästen und anderen
erhöhten Stellen hangeln.
"
0x458f,"Wenn ein Geländer vorhanden ist, blicken
Sie zur Kante und drücken Sie die -Taste,
um darüber zu springen und zu hangeln.
","Wenn ein Geländer vorhanden ist, blicken
Sie zur Kante und drücken Sie die -Taste,
um darüber zu springen und zu hangeln.
"
0x4610,"Ist kein Geländer vorhanden und ein Fall aus
dieser Höhe könnte zu Verletzungen führen,
so hangeln Sie automatisch, wenn Sie die
Kante überschreiten.
","Ist kein Geländer vorhanden und ein Fall aus
dieser Höhe könnte zu Verletzungen führen,
so hangeln Sie automatisch, wenn Sie die
Kante überschreiten.
"
0x46ac,"Wenn der Fall nicht zu tief ist, hangeln Sie
nur dann, wenn Sie sich der Kante gehend
oder pirschend nähern.
","Wenn der Fall nicht zu tief ist, hangeln Sie
nur dann, wenn Sie sich der Kante gehend
oder pirschend nähern.
"
0x471b,"Benutzen Sie den linken Analog-Stick,
um an der Kante entlangzuhangeln.
","Benutzen Sie den linken Analog-Stick,
um an der Kante entlangzuhangeln.
"
0x4764,"Drücken Sie die -Taste und -Taste
gleichzeitig, um sich hochzuziehen und
über die Kante zu spähen.
","Drücken Sie die -Taste und -Taste
gleichzeitig, um sich hochzuziehen und
über die Kante zu spähen.
"
0x47d1,"Die Griffanzeige nimmt beim Hangeln
beständig ab. Wenn sie auf Null sinkt, stürzen
Sie ab. Drücken Sie die -Taste, um beim
Hangeln loszulassen und herabzufallen.
","Die Griffanzeige nimmt beim Hangeln
beständig ab. Wenn sie auf Null sinkt, stürzen
Sie ab. Drücken Sie die -Taste, um beim
Hangeln loszulassen und herabzufallen.
"
0x487a,"END
","END
"
0x487f,"Schneller Wechsel
","Schneller Wechsel
"
0x4892,"Drücken Sie schnell die -Taste oder
-Taste, um die aktuelle Waffe oder das
gehaltene Objekt abzulegen und wieder
aufzunehmen.
","Drücken Sie schnell die -Taste oder
-Taste, um die aktuelle Waffe oder das
gehaltene Objekt abzulegen und wieder
aufzunehmen.
"
0x4918,"Eine Waffe wird beim Ablegen automatisch
nachgeladen, diese Technik ist daher zum
Nachladen mitten im Gefecht zu empfehlen.
","Eine Waffe wird beim Ablegen automatisch
nachgeladen, diese Technik ist daher zum
Nachladen mitten im Gefecht zu empfehlen.
"
0x4995,"END
","END
"
0x499a,"CQC-Wurf (K.-o.-Wurf)
","CQC-Wurf (K.-o.-Wurf)
"
0x49b1,"Während Sie eine nahkampffähige
CQC-Waffe tragen, können Sie in der
Nähe eines feindlichen Soldaten den linken
Analog-Stick neigen
","Während Sie eine nahkampffähige
CQC-Waffe tragen, können Sie in der
Nähe eines feindlichen Soldaten den linken
Analog-Stick neigen
"
0x4a39,"und die -Taste gedrückt halten, um
den Feind zu werfen. Er wird dadurch
bewusstlos.
","und die -Taste gedrückt halten, um
den Feind zu werfen. Er wird dadurch
bewusstlos.
"
0x4a92,"END
","END
"
0x4a97,"CQC (Schwitzkasten)
","CQC (Schwitzkasten)
"
0x4aac,"Während Sie eine nahkampffähige
CQC-Waffe tragen,
","Während Sie eine nahkampffähige
CQC-Waffe tragen,
"
0x4ae1,"können Sie in der Nähe eines feindlichen
Soldaten die -Taste gedrückt halten und
so den Feind in den Schwitzkasten
nehmen.
","können Sie in der Nähe eines feindlichen
Soldaten die -Taste gedrückt halten und
so den Feind in den Schwitzkasten
nehmen.
"
0x4b63,"In dieser Position stehen Ihnen weitere
Optionen zur Verfügung.
","In dieser Position stehen Ihnen weitere
Optionen zur Verfügung.
"
0x4ba5,"END
","END
"
0x4baa,"CQC (Bedrohen)
","CQC (Bedrohen)
"
0x4bba,"Halten Sie die -Taste gedrückt,
während Sie einen feindlichen Soldaten
im Schwitzkasten haben,
","Halten Sie die -Taste gedrückt,
während Sie einen feindlichen Soldaten
im Schwitzkasten haben,
"
0x4c1f,"um ihn mit dem Messer zu bedrohen und
Informationen von ihm zu erhalten.
","um ihn mit dem Messer zu bedrohen und
Informationen von ihm zu erhalten.
"
0x4c69,"END
","END
"
0x4c6e,"CQC (Ausschalten)
","CQC (Ausschalten)
"
0x4c81,"Drücken Sie die -Taste fest, während Sie
den Feind im Schwitzkasten haben, um ihn
auszuschalten.
","Drücken Sie die -Taste fest, während Sie
den Feind im Schwitzkasten haben, um ihn
auszuschalten.
"
0x4ce8,"END
","END
"
0x4ced,"CQC (Menschlicher Schild)
","CQC (Menschlicher Schild)
"
0x4d08,"Wenn Sie den Feind im Schwitzkasten haben,
drücken Sie schnell die -Taste, um ihn als
menschlichen Schild zu benutzen. So können
Sie ungehindert feuern.
","Wenn Sie den Feind im Schwitzkasten haben,
drücken Sie schnell die -Taste, um ihn als
menschlichen Schild zu benutzen. So können
Sie ungehindert feuern.
"
0x4da7,"END
","END
"
0x4dac,"CQC (Wurf/Überfall)
","CQC (Wurf/Überfall)
"
0x4dc2,"Halten Sie den linken Analog-Stick gedrückt
und drücken Sie die -Taste, während Sie
den Feind im Schwitzkasten haben, um ihn
zu werfen.
","Halten Sie den linken Analog-Stick gedrückt
und drücken Sie die -Taste, während Sie
den Feind im Schwitzkasten haben, um ihn
zu werfen.
"
0x4e51,"Wenn Sie nach dem Wurf den Feind mit der
Pistole bedrohen, können Sie ihn überfallen.
","Wenn Sie nach dem Wurf den Feind mit der
Pistole bedrohen, können Sie ihn überfallen.
"
0x4eaa,"END
","END
"
0x4eaf,"Schulterblick (Spähen)
","Schulterblick (Spähen)
"
0x4ec8,"Halten Sie den linken Analog-Stick weiter
in der Richtung gegen Korridorecken oder
Baumstämme,
","Halten Sie den linken Analog-Stick weiter
in der Richtung gegen Korridorecken oder
Baumstämme,
"
0x4f29,"um sich an diese zu pressen und in den
Schulterblick nach hinten zu wechseln.
","um sich an diese zu pressen und in den
Schulterblick nach hinten zu wechseln.
"
0x4f78,"Drücken Sie die - oder -Taste, um nach
links oder rechts zu spähen.
","Drücken Sie die - oder -Taste, um nach
links oder rechts zu spähen.
"
0x4fc5,"Sie können mit dem rechten Analog-Stick
auch den Blickwinkel ändern und sich so ein
genaueres Bild Ihrer Umgebung verschaffen.
","Sie können mit dem rechten Analog-Stick
auch den Blickwinkel ändern und sich so ein
genaueres Bild Ihrer Umgebung verschaffen.
"
0x5047,"END
","END
"
0x504c,"Präzises Feuer
","Präzises Feuer
"
0x505d,"Je tiefer Ihre Position, desto weniger zittern
Ihre Hände und desto präziser schießen Sie.
Niederkauern ist besser als Stehen, noch
besser ist aber Liegen.
","Je tiefer Ihre Position, desto weniger zittern
Ihre Hände und desto präziser schießen Sie.
Niederkauern ist besser als Stehen, noch
besser ist aber Liegen.
"
0x50fd,"END
","END
"
0x5102,"Hervorspring. & Schießen
","Hervorspring. & Schießen
"
0x511d,"Bei bestimmten Waffen (z. B. Pistole) können
Sie im Schulterblick mit der Waffentaste nach
links oder rechts hervorspringen und schießen.
","Bei bestimmten Waffen (z. B. Pistole) können
Sie im Schulterblick mit der Waffentaste nach
links oder rechts hervorspringen und schießen.
"
0x51aa,"Diese Technik ist nützlich, wenn Sie sich
ein Feuergefecht mit gegnerischen Soldaten
liefern.
","Diese Technik ist nützlich, wenn Sie sich
ein Feuergefecht mit gegnerischen Soldaten
liefern.
"
0x520a,"END
","END
"
0x520f,"Beobachtungsperspektive
","Beobachtungsperspektive
"
0x5228,"Drücken Sie in der Beobachtungsperspektive
die - oder -Taste, um einen Schritt zur
Seite (rechts oder links) zu tun.
","Drücken Sie in der Beobachtungsperspektive
die - oder -Taste, um einen Schritt zur
Seite (rechts oder links) zu tun.
"
0x52a5,"Diese Technik ist zum Auskundschaften
der Umgebung nur dann empfehlenswert,
wenn Sie sich gegen eine Deckung drücken
können.
","Diese Technik ist zum Auskundschaften
der Umgebung nur dann empfehlenswert,
wenn Sie sich gegen eine Deckung drücken
können.
"
0x5325,"Nutzen Sie die Technik vor einer Tür, um
sie einen Spalt breit zu öffnen und
hindurchzuspähen.
","Nutzen Sie die Technik vor einer Tür, um
sie einen Spalt breit zu öffnen und
hindurchzuspähen.
"
0x5388,"Sie können auch gleichtzeitig die - und
-Taste drücken, um auf Zehenspitzen
zu stehen und Ihre Umgebung
auszukundschaften.
","Sie können auch gleichtzeitig die - und
-Taste drücken, um auf Zehenspitzen
zu stehen und Ihre Umgebung
auszukundschaften.
"
0x540c,"END
","END
"
0x5411,"Hangeln und Schießen
","Hangeln und Schießen
"
0x5428,"Drücken Sie beim Hangeln die -Taste,
während Sie bestimmte Waffen tragen,
um die Waffe einhändig abzufeuern.
","Drücken Sie beim Hangeln die -Taste,
während Sie bestimmte Waffen tragen,
um die Waffe einhändig abzufeuern.
"
0x549c,"END
","END
"
0x54a1,"Ziehen
","Ziehen
"
0x54a9,"Wenn Sie unbewaffnet sind, können Sie in
der Nähe eines am Boden liegenden Feindes
die -Taste drücken, um den Feind
aufzuheben.
","Wenn Sie unbewaffnet sind, können Sie in
der Nähe eines am Boden liegenden Feindes
die -Taste drücken, um den Feind
aufzuheben.
"
0x5530,"Wenn Sie sich mit dem Feind im Griff
bewegen, ziehen Sie ihn mit sich. Manchmal
fällt ein Objekt vom feindlichen Soldaten
herunter, wenn Sie ihn fallen lassen.
","Wenn Sie sich mit dem Feind im Griff
bewegen, ziehen Sie ihn mit sich. Manchmal
fällt ein Objekt vom feindlichen Soldaten
herunter, wenn Sie ihn fallen lassen.
"
0x55d2,"END
","END
"
0x55d7,"Geschützstellungen/FlaKs
","Geschützstellungen/FlaKs
"
0x55f2,"Drücken Sie die -Taste in der Nähe
von Geschützstellungen oder FlaKs, um
hineinzuspringen und die Waffen zu
benutzen.
","Drücken Sie die -Taste in der Nähe
von Geschützstellungen oder FlaKs, um
hineinzuspringen und die Waffen zu
benutzen.
"
0x566f,"END
","END
"
0x5674,"Geräusche machen
","Geräusche machen
"
0x5687,"Drücken Sie die -Taste, während Sie an
einer Wand stehen, um gegen die Wand zu
klopfen und die Aufmerksamkeit des Feindes
zu erregen.
","Drücken Sie die -Taste, während Sie an
einer Wand stehen, um gegen die Wand zu
klopfen und die Aufmerksamkeit des Feindes
zu erregen.
"
0x5713,"Wenn Sie einen Feind ablenken, können
Sie manchmal unbemerkt an ihnen
vorbeischleichen und so kampflos in das
Territorium des Gegners eindringen.
","Wenn Sie einen Feind ablenken, können
Sie manchmal unbemerkt an ihnen
vorbeischleichen und so kampflos in das
Territorium des Gegners eindringen.
"
0x57a7,"END
","END
"
0x57ac,"Rechter Analog-Stick
","Rechter Analog-Stick
"
0x57c2,"Benutzen Sie den rechten Analog-Stick
in der Hochperspektive, um die
Kameraperspektive zu wechseln.
","Benutzen Sie den rechten Analog-Stick
in der Hochperspektive, um die
Kameraperspektive zu wechseln.
"
0x5827,"Bewegen Sie den rechten Analog-Stick in
eine beliebige Richtung und drücken Sie
die -Taste, um die Perspektive zu
fixieren.
","Bewegen Sie den rechten Analog-Stick in
eine beliebige Richtung und drücken Sie
die -Taste, um die Perspektive zu
fixieren.
"
0x58a8,"Diese Technik ist nützlich, um die
Ereignisse in Ihrer Bewegungsrichtung zu
verfolgen.
","Diese Technik ist nützlich, um die
Ereignisse in Ihrer Bewegungsrichtung zu
verfolgen.
"
0x5901,"Bewegen Sie den rechten Analog-Stick
oder drücken Sie die -Taste erneut,
um die Perspektivenfixierung aufzuheben.
","Bewegen Sie den rechten Analog-Stick
oder drücken Sie die -Taste erneut,
um die Perspektivenfixierung aufzuheben.
"
0x5978,"END
","END
"
0x597d,"Entwaffnen
","Entwaffnen
"
0x5989,"Schießen Sie auf die rechte Hand eines
bewaffneten Feindsoldaten, damit er die
Waffe, die er trägt, fallen lässt.
","Schießen Sie auf die rechte Hand eines
bewaffneten Feindsoldaten, damit er die
Waffe, die er trägt, fallen lässt.
"
0x59ff,"Sie können auch auf die Funkgeräte, die
feindliche Soldaten halten, schießen und sie
so zerstören. Ohne Funkgerät kann der
Soldat keine Unterstützung anfordern.
","Sie können auch auf die Funkgeräte, die
feindliche Soldaten halten, schießen und sie
so zerstören. Ohne Funkgerät kann der
Soldat keine Unterstützung anfordern.
"
0x5aa7,"END
","END
"
0x5aac,"Überfall (Normal/Aus CQC)
","Überfall (Normal/Aus CQC)
"
0x5ac8,"Drücken Sie Ihre Pistole einem nahen Feind
in den Rücken, um ihn zu überfallen.
","Drücken Sie Ihre Pistole einem nahen Feind
in den Rücken, um ihn zu überfallen.
"
0x5b1c,"END
","END
"
0x5b21,"Wählen Sie die Camouflagedaten aus,
um sie auf die Memory Card
(PS2) zu speichern.
","Wählen Sie die Camouflagedaten aus,
um sie auf die Memory Card
(PS2) zu speichern.
"
0x5b76,"Diese Camouflagedaten auf die
Memory Card (PS2) speichern?
","Diese Camouflagedaten auf die
Memory Card (PS2) speichern?
"
0x5bb2,"Wähle den MEMORY CARD-Steckplatz,
um die Camouflagedaten zu speichern.
","Wähle den MEMORY CARD-Steckplatz,
um die Camouflagedaten zu speichern.
"
0x5bfb,"Speichern der Camouflagedaten
abbrechen?
","Speichern der Camouflagedaten
abbrechen?
"
0x5c25,"Memory Card (PS2) wird überprüft.
","Memory Card (PS2) wird überprüft.
"
0x5c4a,"Fehler beim Überprüfen der Memory Card
(PS2)! Bitte überprüfen Sie die Memory
Card (PS2) + versuchen Sie es nochmals.
","Fehler beim Überprüfen der Memory Card
(PS2)! Bitte überprüfen Sie die Memory
Card (PS2) + versuchen Sie es nochmals.
"
0x5cc5,"Memory Card (PS2) enthält bereits
diese Camouflagedaten.
Daten überschreiben?
","Memory Card (PS2) enthält bereits
diese Camouflagedaten.
Daten überschreiben?
"
0x5d16,"Neue Speicherdatei für Camouflagedaten
zum Speichern auf der Memory Card (PS2)
erstellen?
","Neue Speicherdatei für Camouflagedaten
zum Speichern auf der Memory Card (PS2)
erstellen?
"
0x5d72,"Memory Card (PS2) ist nicht formatiert.
Die Memory Card (PS2) formatieren und
die Camouflagedaten speichern?
","Memory Card (PS2) ist nicht formatiert.
Die Memory Card (PS2) formatieren und
die Camouflagedaten speichern?
"
0x5de0,"Formatiere Memory Card (PS2). Memory
Card (PS2) nicht entfernen oder Konsole
zurücksetzen oder ausschalten.
","Formatiere Memory Card (PS2). Memory
Card (PS2) nicht entfernen oder Konsole
zurücksetzen oder ausschalten.
"
0x5e4e,"Während des Formatierens ist ein
Fehler aufgetreten. Formatierung
noch einmal versuchen?
","Während des Formatierens ist ein
Fehler aufgetreten. Formatierung
noch einmal versuchen?
"
0x5ea9,"Speichere auf die Memory Card (PS2).
Memory Card (PS2) nicht entfernen oder
Konsole zurücksetzen oder ausschalten.
","Speichere auf die Memory Card (PS2).
Memory Card (PS2) nicht entfernen oder
Konsole zurücksetzen oder ausschalten.
"
0x5f1e,"Beim Speichern der Camouflagedaten
auf die Memory Card (PS2) ist ein Fehler
aufgetreten. Noch einmal versuchen?
","Beim Speichern der Camouflagedaten
auf die Memory Card (PS2) ist ein Fehler
aufgetreten. Noch einmal versuchen?
"
0x5f8f,"Bitte die Memory Card (PS2) in
die Konsole einstecken, um die
Camouflagedaten zu speichern.
","Bitte die Memory Card (PS2) in
die Konsole einstecken, um die
Camouflagedaten zu speichern.
"
0x5fec,"Den Download von
Camouflagedaten beenden?
","Den Download von
Camouflagedaten beenden?
"
0x6017,"Speichern der Camouflagedaten
war erfolgreich. Den Download
von Camouflagedaten beenden?
","Speichern der Camouflagedaten
war erfolgreich. Den Download
von Camouflagedaten beenden?
"
0x6071,"Ungenüg. Speicherplatz auf Memory Card
(PS2). Z. Speichern der Tarndaten werden
mind. %d KB freier Speicherplatz benötigt.
","Ungenüg. Speicherplatz auf Memory Card
(PS2). Z. Speichern der Tarndaten werden
mind. %d KB freier Speicherplatz benötigt.
"
0x60ef,"Zum Speichern der Tarndaten wird mind.
%d KB Speicherplatz auf der Memory Card
(PS2) benötigt. Fortfahren?
","Zum Speichern der Tarndaten wird mind.
%d KB Speicherplatz auf der Memory Card
(PS2) benötigt. Fortfahren?
"
0x615c,"Keine Memory Card (PS2) gefunden.
Bitte Memory Card (PS2) in die Konsole
einstecken. Noch einmal versuchen?
","Keine Memory Card (PS2) gefunden.
Bitte Memory Card (PS2) in die Konsole
einstecken. Noch einmal versuchen?
"
0x61c9,"※デバッグ用です
メモリーカードスロット1を強制的に
アンフォーマットします。いいかい？
","※デバッグ用です
メモリーカードスロット1を強制的に
アンフォーマットします。いいかい？
"
